$padding$	0
$start_of_sequence$	0
$oov$	0
the	13586
to	10321
?	7817
.	6885
a	6868
is	6517
and	6036
are	5903
not	5384
of	5273
should	4896
for	4569
be	4542
,	4235
in	4176
do	3221
it	2817
n't	2798
have	2788
people	2298
that	2291
can	2255
their	2167
they	2051
need	1923
with	1859
more	1827
or	1770
's	1761
we	1699
on	1646
students	1450
-	1412
will	1384
children	1316
good	1180
as	1166
at	1134
does	1069
would	1015
has	1014
them	1012
many	1012
what	971
all	964
from	958
there	920
other	902
some	870
than	851
libraries	847
school	818
an	813
get	789
too	776
college	765
parents	750
government	734
public	715
by	713
home	710
schools	708
colleges	707
everyone	696
no	684
money	684
this	679
out	665
if	663
still	639
us	637
programs	636
way	631
high	621
being	612
make	611
teachers	592
new	583
when	573
bad	571
work	557
how	553
allowed	543
salt	531
without	529
much	526
those	523
most	516
who	506
only	506
companies	501
better	494
but	484
learn	479
these	477
ca	472
best	468
use	460
sports	460
been	455
about	454
time	451
humanities	436
one	433
help	431
so	430
like	428
kids	426
could	426
were	424
want	423
our	421
education	419
'	418
u.s.	416
israel	415
online	413
banks	399
comment	394
internet	389
i	389
sections	387
food	387
you	383
just	376
free	375
states	374
right	374
important	370
working	368
schoolers	366
information	365
country	354
mandatory	351
provide	348
well	347
job	343
american	339
even	331
place	330
illegal	328
teach	325
protect	323
into	322
costs	318
women	316
unpaid	315
less	315
economy	314
cost	312
world	310
was	307
take	307
control	307
needs	303
enough	303
go	301
veganism	297
making	294
longer	293
things	292
always	292
pay	288
failed	287
same	284
state	283
support	279
society	277
""""	275
access	271
experience	270
court	270
years	267
york	265
tax	265
child	265
off	264
internships	264
own	263
tip	262
lanes	261
casinos	261
against	257
syria	256
simply	251
research	250
its	250
because	250
legal	249
bike	249
life	248
vaccination	246
far	245
prostitution	243
did	240
play	239
already	238
evolve	237
available	237
able	237
often	236
may	235
diet	235
know	234
tenure	232
citizens	232
cities	232
over	231
social	229
middle	229
maybe	228
lead	228
up	227
economic	225
drugs	225
lose	224
health	224
having	224
wo	222
police	222
doing	222
change	221
which	220
media	218
marijuana	218
religious	217
care	214
table	213
americans	213
your	212
restaurants	210
workers	207
cut	207
her	206
young	202
really	202
teams	201
dual	201
benefits	201
classes	200
abuse	200
justice	198
universities	197
organic	197
laws	197
create	197
very	196
smart	195
made	195
say	192
printing	192
labor	192
getting	192
community	192
private	191
person	191
find	191
done	191
city	190
citizenship	190
players	189
obamacare	189
exploit	189
cars	189
worth	188
technology	187
win	186
french	186
 	186
candidate	185
big	185
stand	184
recent	184
safer	183
safe	182
america	182
dropping	181
undergraduate	180
live	179
any	178
themselves	177
makes	177
assad	177
gains	176
stop	175
papers	174
low	174
ever	174
break	174
my	172
taxes	171
knowledge	171
departments	171
now	170
medical	170
comments	170
first	169
doping	168
reality	166
pot	166
isis	165
human	165
united	164
debt	164
vegans	162
real	162
nato	161
jobs	161
deserve	161
tv	159
stability	159
preschool	159
living	159
dangerous	159
common	159
capital	158
also	158
while	157
obese	156
family	156
see	155
hurt	155
become	155
threat	154
learning	154
families	154
cat	154
turn	153
healthy	153
fees	153
olympics	152
necessary	152
librarians	152
down	152
attacks	152
credibility	151
supreme	150
rail	150
farms	150
such	149
fight	148
allow	148
mayor	147
built	147
system	146
interns	146
rights	145
raised	145
immigrants	145
grade	145
gambling	145
away	145
group	144
greater	144
line	143
student	142
drug	142
customers	142
afford	142
rate	141
law	141
widespread	140
hard	140
eat	140
quickly	139
paid	139
books	139
benefit	139
shows	137
show	137
give	137
field	137
risk	136
obscenity	136
future	136
disabled	136
used	134
through	134
problems	134
motherhood	134
little	134
legislation	134
harmful	134
thinking	133
choice	133
voting	132
needed	132
keep	132
countries	132
campus	132
rates	131
investment	131
expense	131
classroom	131
reason	130
peace	130
might	130
weapons	129
power	129
gamble	129
regulated	128
officers	128
provides	127
part	127
day	127
personal	126
lot	126
few	126
poor	125
lack	125
fema	125
attack	125
worse	124
today	124
his	124
harm	124
exemptions	124
cause	124
supporting	123
philosophical	123
nuclear	123
higher	123
chefs	123
sometimes	122
large	122
christians	121
useful	120
instead	120
each	120
courses	120
consider	120
colorado	120
program	119
prevent	119
never	119
national	119
lives	119
language	119
gays	118
euro	118
accountable	118
status	117
parenting	117
exercise	117
diners	117
follow	116
think	115
succeed	114
security	114
rim	114
pros	114
immunized	114
dumber	114
cons	114
class	114
sex	113
california	113
avoid	113
ways	112
vegan	112
others	112
taxing	111
shakers	111
legalized	111
issues	111
homework	111
electric	111
anyone	111
3-d	111
tipping	110
problem	110
curriculum	110
extreme	109
denounce	109
atmosphere	109
professional	108
internship	108
effect	108
after	108
violence	107
sense	107
lost	107
force	107
survive	106
self	106
require	106
employees	106
elsewhere	106
sensible	105
market	105
individual	105
crime	105
offer	104
tough	103
places	103
opinions	103
going	103
annoying	103
she	102
profession	102
id	102
drone	102
cuba	102
businesses	101
something	100
services	100
quality	100
long	100
different	100
tfa	99
outweigh	99
mean	99
matter	99
chef	99
value	98
interest	98
influence	98
immigration	98
before	98
competition	97
beliefs	97
small	96
properly	96
library	96
culture	96
:	96
willing	95
times	95
politics	95
bring	95
'd	95
age	94
strict	93
cards	93
valuable	92
trusted	92
hold	92
usually	91
teaching	91
record	91
drop	91
spelman	90
modern	90
intercollegiate	90
footsteps	90
europe	90
east	90
delay	90
cameras	90
c.i.a.	90
ball	90
russia	89
hurts	89
choose	89
easily	88
war	87
stenographers	87
healthier	87
gain	87
fair	87
eating	87
anyway	87
under	86
required	86
removed	86
happy	86
given	86
deal	86
stay	85
resources	85
taught	84
streets	84
relevant	84
insurance	84
expendable	84
vaccine	83
proper	83
love	83
handle	83
greece	83
doctors	83
declaw	83
come	83
both	83
using	82
starting	82
skills	82
short	82
great	82
effective	82
changes	82
advice	82
savings	81
safety	81
response	81
industry	81
faculty	81
created	81
between	81
then	80
success	80
serve	80
rich	80
means	80
every	80
business	80
vegetables	79
nothing	79
cultures	79
whole	78
strikes	78
non	78
natural	78
minorities	78
improve	78
humanity	78
goal	78
football	78
focus	78
start	77
look	77
taking	76
rather	76
protections	76
once	76
move	76
drive	76
build	76
athletes	76
academic	76
writing	75
websites	75
wear	75
speed	75
professors	75
legalize	75
impact	75
entrenched	75
end	75
chemical	75
around	75
turning	74
policy	74
me	74
died	74
appropriate	74
activities	74
wage	73
remain	73
process	73
political	73
forced	73
election	73
approach	73
waste	72
wal	72
verdict	72
understand	72
since	72
remaking	72
privatization	72
network	72
mart	72
koch	72
helping	72
hamas	72
fatah	72
encouraged	72
charter	72
broken	72
bloomberg	72
bicycle	72
based	72
allegiance	72
germany	71
current	71
constitutional	71
another	71
treatment	70
teacher	70
successful	70
lower	70
interests	70
increasingly	70
idea	70
grow	70
funding	70
critical	70
air	70
sanctions	69
regime	69
minor	69
global	69
financial	69
exist	69
demanding	69
counterproductive	69
behind	69
vote	68
violations	68
lift	68
leads	68
choices	68
allows	68
adults	68
addiction	68
accept	68
testing	67
study	67
role	67
results	67
raise	67
paying	67
machines	67
issue	67
body	67
affect	67
regular	66
miss	66
left	66
graduation	66
chances	66
beyond	66
wrong	65
speech	65
refuse	65
predictions	65
point	65
fun	65
efforts	65
computer	65
revenue	64
likely	64
events	64
equal	64
apps	64
advantage	64
add	64
three	63
rules	63
responsible	63
reach	63
queen	63
prices	63
order	63
opportunity	63
elizabeth	63
earn	63
depend	63
critics	63
cia	63
charge	63
almost	63
agency	63
wants	62
true	62
restaurant	62
read	62
environment	62
eliminate	62
company	62
wonder	61
try	61
training	61
taken	61
reasons	61
put	61
open	61
gateway	61
found	61
correct	61
communities	61
budget	61
adult	61
vitamins	60
vacations	60
traffic	60
technologies	60
taller	60
style	60
save	60
rest	60
protects	60
number	60
moderation	60
fiscal	60
ethical	60
compelling	60
back	60
atlantic	60
action	60
unhealthy	59
ruining	59
possible	59
outside	59
had	59
gives	59
foreign	59
ensure	59
constant	59
taxed	58
harder	58
essential	58
easy	58
average	58
spouse	57
opinion	57
must	57
memories	57
local	57
hall	57
genes	57
fired	57
felons	57
fame	57
devolving	57
buildings	57
though	56
sexist	56
preference	56
healthful	56
bottom	56
backed	56
together	55
served	55
legally	55
informed	55
ability	55
step	54
standards	54
speak	54
schooled	54
questions	54
presidential	54
pledging	54
omnivores	54
nation	54
muslims	54
lowering	54
ii	54
fighting	54
federal	54
exploitation	54
expanding	54
enjoy	54
eliminating	54
dire	54
diets	54
consumers	54
conservatives	54
cats	54
're	54
where	53
price	53
increase	53
income	53
guns	53
feeding	53
else	53
announce	53
allies	53
vast	52
service	52
readily	52
politicians	52
ones	52
nature	52
intelligence	52
helps	52
heavily	52
exactly	52
amount	52
useless	51
tourists	51
taste	51
tailor	51
street	51
scandal	51
proof	51
plug	51
patients	51
mideast	51
men	51
justified	51
itself	51
interactions	51
form	51
fall	51
enforcement	51
digital	51
cycling	51
china	51
bikers	51
baseball	51
attend	51
anti	51
alternative	51
20	51
vaccines	50
risks	50
reading	50
innovation	50
destroy	50
watch	49
regulation	49
plan	49
nutrition	49
legitimate	49
hear	49
fact	49
competitive	49
claws	49
believe	49
attention	49
vacation	48
tests	48
sign	48
royal	48
responsibility	48
requirements	48
reported	48
rarely	48
racist	48
privacy	48
powerful	48
positive	48
nutrients	48
launch	48
history	48
growers	48
games	48
fruits	48
foods	48
dreams	48
difficult	48
delaying	48
credit	48
content	48
addicts	48
academics	48
volkswagen	47
rituals	47
replace	47
owners	47
limited	47
he	47
educate	47
decide	47
corporations	47
whether	46
serious	46
science	46
passport	46
iran	46
included	46
humans	46
game	46
full	46
finally	46
evidence	46
diplomatic	46
capitalist	46
waiting	45
users	45
travel	45
term	45
someone	45
severe	45
promise	45
practical	45
picking	45
overweight	45
nations	45
last	45
inequality	45
house	45
gotten	45
fix	45
dismantled	45
decisions	45
daily	45
congress	45
closely	45
climate	45
birth	45
addition	45
actually	45
;	45
40	45
3d	45
30	45
works	44
union	44
spent	44
spending	44
residents	44
policies	44
negative	44
level	44
involved	44
fueled	44
freedom	44
cheating	44
called	44
actions	44
abandon	44
trained	43
trade	43
stronger	43
solution	43
removing	43
ratings	43
plenty	43
oil	43
mind	43
milk	43
gas	43
exposed	43
energy	43
duty	43
decision	43
citizen	43
answer	43
zone	42
unity	42
unclear	42
technical	42
targets	42
servers	42
rock	42
replacing	42
purpose	42
profits	42
objectionable	42
noncompete	42
lots	42
leagues	42
identification	42
hype	42
hampshire	42
foot	42
entertainment	42
eclipse	42
driver	42
distractions	42
discriminate	42
disclosure	42
dimensional	42
deter	42
deals	42
creating	42
constraints	42
billions	42
basketball	42
bar	42
arab	42
applicants	42
views	41
syrian	41
source	41
seem	41
proven	41
patent	41
held	41
hateful	41
google	41
due	41
disease	41
difference	41
danger	41
chance	41
brazil	41
blamed	41
alone	41
stupid	40
sport	40
products	40
pending	40
learned	40
growth	40
feel	40
employment	40
early	40
compliance	40
church	40
calling	40
beauty	40
year	39
unfair	39
terrorist	39
tell	39
retirement	39
relations	39
professionals	39
population	39
parent	39
nba	39
missing	39
minimum	39
keeping	39
injuries	39
healthcare	39
governments	39
fortunate	39
farm	39
everything	39
enforcing	39
emissions	39
discipline	39
disasters	39
criticism	39
close	39
assess	39
act	39
)	39
(	39
versus	38
understood	38
trouble	38
terrorism	38
sources	38
republicans	38
playing	38
methods	38
criminal	38
condo	38
compromise	38
becoming	38
acceptable	38
ultimately	37
tuition	37
takes	37
spend	37
special	37
seen	37
regulate	37
practice	37
meeting	37
license	37
incentive	37
forth	37
expensive	37
entire	37
despite	37
caused	37
worker	36
windows	36
whose	36
therefore	36
sell	36
running	36
providing	36
outdated	36
moderated	36
method	36
meet	36
manage	36
japan	36
irreplaceable	36
increased	36
homeschooling	36
habits	36
fines	36
embargo	36
drama	36
dormitory	36
disband	36
cursive	36
compete	36
collapse	36
cherry	36
case	36
athletic	36
ally	36
weight	35
university	35
treasures	35
thing	35
taxpayers	35
protected	35
poorly	35
phone	35
moral	35
materials	35
major	35
looking	35
led	35
l.g.b.t.	35
helpful	35
european	35
discussion	35
democracy	35
continue	35
campuses	35
austerity	35
accommodates	35
wealthy	34
voters	34
two	34
section	34
schooling	34
saving	34
relationship	34
profit	34
potential	34
overcrowding	34
options	34
mother	34
israeli	34
interaction	34
ideas	34
function	34
designed	34
churches	34
car	34
affordable	34
above	34
zipping	33
west	33
wars	33
until	33
tools	33
taiwan	33
supply	33
starchitects	33
spouses	33
soldier	33
shortages	33
san	33
rule	33
rid	33
regardless	33
prove	33
protein	33
paper	33
nutritional	33
neighborhoods	33
los	33
landscape	33
irresponsible	33
hours	33
hated	33
greed	33
further	33
francisco	33
fail	33
establish	33
emergency	33
easier	33
die	33
cyclists	33
cross	33
comfortable	33
certain	33
cash	33
arms	33
area	33
angeles	33
among	33
advantages	33
accidents	33
1800s	33
thousands	32
resource	32
perfectly	32
palestinian	32
misinform	32
mental	32
losing	32
international	32
hasn't	32
globalization	32
fields	32
defend	32
death	32
days	32
civilians	32
capitalism	32
born	32
valid	31
sort	31
skill	31
several	31
rise	31
refugees	31
practices	31
postpone	31
needing	31
majority	31
loss	31
homes	31
face	31
criminals	31
causing	31
birthright	31
worry	30
team	30
tastes	30
strictly	30
strapped	30
solved	30
soldiers	30
six	30
situations	30
share	30
sentiment	30
ruined	30
restricted	30
restart	30
responsibilities	30
reporter	30
replaced	30
reflection	30
race	30
passion	30
outsourcing	30
ok	30
nearly	30
motivated	30
militant	30
marketing	30
languages	30
jewish	30
isreal	30
hitting	30
haven't	30
hackers	30
frustration	30
filmed	30
fertility	30
exam	30
encounters	30
employers	30
either	30
drones	30
drilling	30
dictator	30
despised	30
contractors	30
clock	30
challenging	30
career	30
breaks	30
boon	30
basic	30
attacking	30
associated	30
asking	30
article	30
amendment	30
similar	29
side	29
rely	29
participate	29
matters	29
manipulate	29
kill	29
justices	29
individuals	29
gone	29
fully	29
educated	29
earned	29
democratic	29
condition	29
civil	29
capable	29
burden	29
turkey	28
thought	28
respect	28
requires	28
parts	28
leaving	28
incomplete	28
hour	28
hospitals	28
eu	28
effectively	28
developers	28
destruction	28
dangerously	28
crisis	28
carry	28
cares	28
write	27
wearing	27
type	27
top	27
third	27
sustainable	27
supplements	27
studies	27
strong	27
staff	27
sit	27
send	27
scripted	27
run	27
romans	27
regards	27
recognize	27
proceedings	27
preparation	27
powers	27
populated	27
politically	27
pointless	27
pleasant	27
phones	27
pedestrians	27
path	27
office	27
nyc	27
music	27
moments	27
military	27
measured	27
leaders	27
increases	27
impossible	27
grandparents	27
grading	27
gay	27
gathering	27
forces	27
exemption	27
enhancing	27
creative	27
couple	27
costly	27
contest	27
complex	27
compassionate	27
com	27
chester	27
casting	27
brain	27
belongs	27
ballots	27
arts	27
amazon	27
actual	27
worst	26
wanted	26
trump	26
truly	26
tend	26
represent	26
rare	26
prescription	26
planning	26
next	26
minds	26
meat	26
looks	26
judge	26
ignore	26
happen	26
facts	26
doctor	26
development	26
changed	26
basis	26
anything	26
weed	25
understanding	25
train	25
track	25
talk	25
substance	25
single	25
selfish	25
scale	25
question	25
president	25
popular	25
peaceful	25
opioid	25
numerous	25
millions	25
including	25
guidance	25
fashion	25
endanger	25
encourage	25
diagnosis	25
comes	25
cases	25
begin	25
affected	25
adapt	25
wise	24
wisdom	24
windsor	24
widely	24
welcomes	24
wait	24
violent	24
vaccinated	24
unique	24
unexpected	24
tips	24
throne	24
subsidies	24
seek	24
salary	24
romance	24
reputation	24
repercussions	24
regulating	24
references	24
pretty	24
performance	24
patient	24
paths	24
overflowing	24
none	24
muslim	24
movies	24
medicare	24
mass	24
loyalty	24
loans	24
literature	24
later	24
indians	24
increasing	24
immunity	24
grades	24
goes	24
generations	24
forward	24
falsify	24
failing	24
experiences	24
enemies	24
diversity	24
deductibles	24
dedicated	24
corrupt	24
consequences	24
combat	24
co	24
cell	24
carbs	24
british	24
boost	24
appreciate	24
activity	24
yet	23
suffering	23
season	23
result	23
reformed	23
reduced	23
rating	23
proved	23
produce	23
peoples	23
offers	23
nobody	23
monopoly	23
model	23
minority	23
inherently	23
guaranteed	23
funds	23
dying	23
discussions	23
defense	23
declawing	23
crimes	23
conventional	23
causes	23
benefited	23
arguments	23
anonymous	23
animal	23
although	23
allowing	23
've	23
worked	22
watching	22
transit	22
statement	22
specific	22
saved	22
records	22
present	22
perform	22
old	22
meant	22
lies	22
killed	22
instances	22
hijabs	22
highly	22
here	22
hand	22
half	22
friends	22
feels	22
dumb	22
debate	22
controlling	22
conditions	22
backgrounds	22
appear	22
am	22
written	21
writers	21
wish	21
vital	21
via	21
venues	21
usefulness	21
unvaccinated	21
u.s	21
turns	21
television	21
talks	21
standard	21
soviet	21
soul	21
somewhere	21
simple	21
sides	21
sick	21
set	21
sector	21
reviews	21
restrict	21
requirement	21
reconciliation	21
protection	21
procedures	21
pr	21
penalty	21
outlived	21
necessarily	21
mothers	21
misogynistic	21
measuring	21
measure	21
manufacturers	21
listen	21
least	21
intellectual	21
inhibit	21
independent	21
impersonal	21
huge	21
herd	21
helped	21
havens	21
guidelines	21
groups	21
got	21
generated	21
generate	21
foundered	21
fire	21
financially	21
exploited	21
existing	21
everybody	21
ethically	21
equally	21
enrolled	21
efficiency	21
educators	21
educational	21
dorms	21
doors	21
discriminated	21
disadvantaged	21
dimmed	21
degree	21
deaf	21
correctly	21
considered	21
connections	21
concern	21
computers	21
completely	21
competitors	21
comfort	21
clear	21
careful	21
battery	21
athletics	21
areas	21
architects	21
acting	21
.-	21
why	20
vs.	20
took	20
selling	20
reservations	20
receive	20
quit	20
productive	20
prefer	20
permitted	20
permit	20
past	20
pain	20
organizations	20
okay	20
lazy	20
kate	20
hate	20
greeks	20
gets	20
enforced	20
drink	20
discourage	20
decades	20
commit	20
candidates	20
below	20
apply	20
app	20
zika	19
within	19
various	19
treat	19
topics	19
slave	19
sites	19
shun	19
says	19
reliable	19
raising	19
quite	19
positions	19
perfect	19
overcrowded	19
outbreak	19
nice	19
news	19
neglecting	19
monitoring	19
leadership	19
kurdish	19
ignored	19
humanely	19
giving	19
fewer	19
extra	19
everyday	19
enrichment	19
embassy	19
defeat	19
decrease	19
dead	19
creates	19
competing	19
commenters	19
character	19
canonized	19
belong	19
behavior	19
alternatives	19
agree	19
african	19
additional	19
abolished	19
yorkers	18
wishes	18
william	18
whom	18
went	18
website	18
wasting	18
walmart	18
waiters	18
vitamin	18
vaccinating	18
unskilled	18
unnecessary	18
undermining	18
ukraine	18
troubles	18
trends	18
translate	18
tracking	18
towards	18
toughened	18
torture	18
tired	18
teresa	18
taxpayer	18
sugar	18
strangers	18
speeches	18
similarly	18
session	18
seasonings	18
scientists	18
scholarships	18
sale	18
runs	18
rung	18
royalty	18
road	18
riding	18
restrictions	18
repetitive	18
repetition	18
reparations	18
recently	18
purposes	18
publicized	18
publications	18
prozac	18
protest	18
prevention	18
premiums	18
precedence	18
perspectives	18
persons	18
peers	18
patrons	18
partner	18
parental	18
palestinians	18
pageant	18
opportunities	18
operate	18
opened	18
ohio	18
officials	18
normal	18
nonprofit	18
nominees	18
neighbors	18
negotiate	18
months	18
monitored	18
moms	18
minded	18
messy	18
locally	18
legalizing	18
leading	18
leader	18
larger	18
kurds	18
koran	18
kindergarten	18
kind	18
journalists	18
jersey	18
involve	18
internationally	18
intake	18
injury	18
infringe	18
include	18
heart	18
happier	18
handled	18
handing	18
hacked	18
graduate	18
gathered	18
fund	18
founded	18
focal	18
fend	18
feminists	18
feeling	18
fat	18
falling	18
exercises	18
exaggerated	18
eventually	18
especially	18
ending	18
elected	18
efficiently	18
effecting	18
door	18
dollars	18
dish	18
devices	18
destination	18
design	18
deserves	18
definitely	18
cuts	18
critically	18
cracking	18
cover	18
course	18
count	18
corporate	18
cook	18
conventions	18
contestants	18
contain	18
concerned	18
cold	18
coast	18
chemicals	18
centers	18
burning	18
brightest	18
bound	18
bland	18
biking	18
belief	18
behave	18
becomes	18
beachfront	18
babies	18
aware	18
architecture	18
allied	18
allergic	18
agreeing	18
advocate	18
adulthood	18
administration	18
acts	18
aca	18
70	18
1968	18
woman	17
terrorists	17
sufficient	17
stable	17
sin	17
search	17
room	17
restructure	17
provided	17
proficient	17
planet	17
parks	17
obtained	17
moved	17
misery	17
measles	17
massachusetts	17
leave	17
kept	17
jerusalem	17
interesting	17
inappropriate	17
historically	17
general	17
fear	17
false	17
exciting	17
english	17
drain	17
distraction	17
discuss	17
debated	17
clean	17
bringing	17
amounts	17
ago	17
accurately	17
wages	16
voice	16
uncomfortable	16
uber	16
trying	16
treated	16
spirit	16
semester	16
scam	16
readers	16
ratemyprofessor.com	16
printed	16
primary	16
points	16
pass	16
paris	16
owner	16
man	16
location	16
limit	16
liberal	16
killing	16
harass	16
gov.	16
finish	16
fine	16
finals	16
file	16
facebook	16
exception	16
economists	16
economics	16
duties	16
dignity	16
differently	16
contributions	16
continuing	16
constitution	16
charlie	16
baker	16
airline	16
aid	16
again	16
abusers	16
abused	16
yourself	15
younger	15
whim	15
weakness	15
weak	15
video	15
vaccinations	15
vaccinate	15
usual	15
universal	15
understandable	15
uncertainties	15
trip	15
transportation	15
teamwork	15
sway	15
suspension	15
surroundings	15
sure	15
supplemental	15
superstar	15
superior	15
superficial	15
summer	15
studying	15
strength	15
std	15
sponsors	15
space	15
soy	15
societal	15
smaller	15
situation	15
server	15
senoi	15
seasoning	15
seasoned	15
safeguards	15
roads	15
rigorous	15
riches	15
review	15
return	15
restauranteur	15
red	15
recording	15
pursuits	15
publishers	15
proxy	15
proves	15
prison	15
prevents	15
pressure	15
preschools	15
prerequisites	15
prejudice	15
powered	15
polio	15
pimps	15
pesticides	15
particular	15
pageants	15
overcome	15
otherwise	15
optimal	15
older	15
nightmares	15
narrow	15
misuse	15
minimal	15
midst	15
mesh	15
mention	15
mandate	15
loyal	15
lovers	15
loved	15
lottery	15
librarian	15
knowledgeable	15
ivf	15
invasion	15
interested	15
interacting	15
innovations	15
initiative	15
inexperienced	15
hybrids	15
homeless	15
hiring	15
hidden	15
harvard	15
happening	15
hamburg	15
hacking	15
guarantee	15
goods	15
gifted	15
generation	15
foundation	15
forgone	15
figure	15
expulsion	15
expected	15
examples	15
evolution	15
established	15
errors	15
epic	15
environmentalists	15
enthusiasm	15
entering	15
enroll	15
effects	15
dunk	15
diseases	15
direct	15
dietary	15
destabilizing	15
delayed	15
daycare	15
customer	15
counteract	15
conservative	15
compensation	15
colors	15
chose	15
check	15
chaos	15
cattle	15
casino	15
carried	15
call	15
broad	15
breaking	15
boarding	15
blueprint	15
bikes	15
benefiting	15
behaved	15
balance	15
assumption	15
assessed	15
appreciation	15
appeal	15
antagonize	15
analysis	15
amsterdam	15
amid	15
alive	15
al	15
agreements	15
addressed	15
addictive	15
addicted	15
activists	15
/	15
wife	14
view	14
upset	14
unfairly	14
undocumented	14
turned	14
tel	14
solidarity	14
ruin	14
risky	14
returned	14
religion	14
regulations	14
refusing	14
realize	14
providers	14
overrun	14
overcrowd	14
official	14
occur	14
main	14
jail	14
inhumane	14
ineffective	14
incorrect	14
improving	14
g.o.p.	14
freely	14
fit	14
fee	14
extraneous	14
etc	14
entertaining	14
enter	14
energies	14
electricity	14
driving	14
dogma	14
depressed	14
denied	14
de	14
consistent	14
christian	14
campaign	14
bodies	14
biased	14
besides	14
base	14
aviv	14
affirmative	14
addict	14
added	14
votes	13
unsafe	13
unlikely	13
unauthorized	13
tourism	13
tons	13
teaches	13
substandard	13
story	13
solar	13
socialize	13
showing	13
said	13
professor	13
probable	13
policing	13
parties	13
name	13
merit	13
lacking	13
known	13
knowing	13
keeps	13
judicial	13
inform	13
gaining	13
funded	13
forms	13
flawed	13
favor	13
fairly	13
failure	13
entitled	13
engagement	13
enemy	13
doomed	13
distinguish	13
disproportionate	13
disenfranchising	13
disadvantages	13
dictators	13
declawed	13
crowd	13
construction	13
conflict	13
collectors	13
claim	13
banned	13
awesome	13
artificial	13
arrogant	13
armed	13
anymore	13
animals	13
aisle	13
accurate	13
zest	12
workplace	12
withstand	12
wealthier	12
warn	12
waitstaff	12
variously	12
usefully	12
updates	12
unhappy	12
undo	12
tweets	12
trees	12
transfer	12
traditionally	12
traditional	12
trading	12
touring	12
togetherness	12
thinks	12
tenured	12
tagged	12
supplies	12
strongly	12
streaming	12
straight	12
stopping	12
stimulate	12
span	12
sound	12
solve	12
solutions	12
societies	12
skilled	12
sizes	12
silly	12
shown	12
shareholders	12
sequences	12
sensitive	12
saw	12
sat	12
sacrifice	12
ruling	12
round	12
robots	12
risen	12
rio	12
reward	12
revealed	12
restitution	12
resolutions	12
reports	12
regarding	12
rebellion	12
reactors	12
pursuing	12
prosperous	12
professionally	12
printers	12
prince	12
presence	12
photographs	12
perspective	12
performed	12
paranoid	12
papandreou	12
panels	12
palestine	12
pages	12
overreach	12
overdose	12
original	12
option	12
opioids	12
omens	12
olympic	12
nonmember	12
nazi	12
names	12
myself	12
motivation	12
morally	12
mistakes	12
mentally	12
mechanically	12
mature	12
manly	12
mankind	12
maintain	12
lowered	12
london	12
locals	12
letting	12
land	12
lakes	12
janeiro	12
items	12
israelis	12
islamists	12
iodine	12
intervention	12
intern	12
interference	12
intelligent	12
initial	12
industrial	12
indiscriminate	12
implement	12
imagery	12
horrible	12
honest	12
homeopathy	12
hit	12
hinder	12
heavier	12
heard	12
guilty	12
ground	12
gases	12
gamblers	12
fresh	12
fosters	12
forums	12
former	12
fiction	12
feelings	12
father	12
farmer	12
familiar	12
fake	12
express	12
excuse	12
evolved	12
evaluate	12
ethics	12
era	12
equality	12
enlightened	12
enjoyment	12
encouraging	12
elderly	12
effort	12
ebooks	12
earning	12
duel	12
dropout	12
drawbacks	12
domestic	12
dna	12
dilemmas	12
developed	12
deters	12
determined	12
demonstrated	12
delivery	12
defensive	12
damage	12
critique	12
corruptible	12
contains	12
confidence	12
complaints	12
competent	12
compensate	12
communication	12
commercials	12
colonial	12
cinema	12
christianity	12
cheat	12
center	12
buy	12
building	12
bribe	12
bomb	12
backing	12
attractions	12
attained	12
assigned	12
art	12
arrests	12
argument	12
approve	12
apples	12
anywhere	12
allergies	12
admissions	12
according	12
5	12
zoning	11
welcome	11
weigh	11
values	11
utilize	11
unwilling	11
unemployment	11
undermines	11
undermine	11
unable	11
terrible	11
teenagers	11
struggle	11
seldom	11
remember	11
region	11
recognized	11
recession	11
reacting	11
problematic	11
probably	11
preferences	11
position	11
perpetuates	11
pays	11
paul	11
opposite	11
opposing	11
offering	11
medicine	11
likes	11
let	11
invested	11
insult	11
husband	11
holding	11
finding	11
fears	11
faced	11
exclusion	11
entirely	11
ehrlich	11
earth	11
divided	11
dependent	11
decreased	11
deaths	11
dangers	11
contributing	11
condos	11
complications	11
complete	11
circumstances	11
blocks	11
bigger	11
beneficial	11
barely	11
ban	11
australia	11
along	11
adequate	11
across	11
absurd	11
abolish	11
'll	11
wide	10
weapon	10
weakened	10
violates	10
variety	10
trust	10
treatments	10
tradition	10
swiss	10
supporters	10
subjective	10
subject	10
stem	10
solely	10
slavery	10
serving	10
second	10
saves	10
satisfied	10
rude	10
reveal	10
respond	10
resort	10
reflect	10
redundant	10
puts	10
preserve	10
posing	10
platforms	10
platform	10
peer	10
overrated	10
overpopulation	10
organization	10
optional	10
opponents	10
offensive	10
models	10
lesson	10
lessened	10
irrelevant	10
involving	10
insight	10
greek	10
garbage	10
fundamentally	10
frisbee	10
flexible	10
expect	10
except	10
evens	10
erdogan	10
equipped	10
dutch	10
disaster	10
diagnosed	10
desks	10
depression	10
deportation	10
democracies	10
deep	10
daughter	10
concept	10
chosen	10
charities	10
billion	10
association	10
articles	10
appears	10
anybody	10
advertisers	10
zealand	9
ymca	9
worthiness	9
word	9
wonders	9
wishing	9
winning	9
willingness	9
welcoming	9
welcomed	9
watchdog	9
visited	9
virtual	9
violate	9
viewed	9
vicinity	9
verge	9
veggies	9
valued	9
utilized	9
usally	9
usa	9
upkeep	9
universally	9
unify	9
undergraduates	9
unappreciative	9
typographical	9
twice	9
turnaround	9
trumps	9
trials	9
treaties	9
transcription	9
transcribed	9
transcribe	9
trans	9
trains	9
tradeoff	9
totally	9
tiring	9
tied	9
thrive	9
threshold	9
threaten	9
thorough	9
therapists	9
theory	9
theft	9
theater	9
tested	9
territory	9
temper	9
technically	9
teachings	9
tasty	9
tasting	9
tasks	9
targeting	9
tampered	9
tailored	9
switch	9
surrounding	9
supplement	9
sufficience	9
substantial	9
subsides	9
submitted	9
subjects	9
subconscience	9
stuff	9
strike	9
strengthen	9
stories	9
stops	9
stockpile	9
stock	9
stepping	9
stenographer	9
starbucks	9
staged	9
stabilizing	9
spots	9
spock	9
spite	9
spill	9
spices	9
spectators	9
species	9
speaking	9
spares	9
spared	9
spare	9
somehow	9
somebody	9
solving	9
sold	9
soil	9
socially	9
slope	9
slippery	9
sleep	9
skyrocket	9
skype	9
skyline	9
shoving	9
shore	9
shops	9
shoot	9
shoes	9
shift	9
shares	9
shared	9
seven	9
sets	9
sentimentality	9
sentient	9
selection	9
secret	9
seconds	9
seating	9
scientist	9
scholarship	9
scapegoats	9
satisfying	9
saltier	9
salaries	9
routes	9
root	9
romantic	9
roles	9
rigorously	9
ridiculous	9
reviewed	9
retirees	9
resuming	9
restriction	9
responders	9
respecting	9
resorts	9
resolve	9
residing	9
request	9
reporters	9
replicated	9
replacement	9
rent	9
reminded	9
remains	9
relax	9
relative	9
reinforced	9
reigned	9
reformatting	9
reduce	9
recreational	9
recordings	9
recognizing	9
reasonably	9
reasonable	9
reads	9
rank	9
raises	9
rabid	9
quizzes	9
qualities	9
qualified	9
push	9
pursuit	9
purchase	9
provable	9
protesting	9
prostitutes	9
prostitute	9
promises	9
proliferation	9
progressed	9
programmed	9
probability	9
pro	9
pricing	9
previously	9
preventing	9
pretend	9
preforming	9
preemptive	9
preaching	9
practiced	9
possibly	9
possibilities	9
portfolio	9
popularity	9
populace	9
pop	9
poisonous	9
poetry	9
pledged	9
playgrounds	9
plants	9
plant	9
plague	9
pitbull	9
pious	9
picky	9
pick	9
photoshop	9
personnel	9
perks	9
perception	9
perceived	9
pedestrian	9
payment	9
payer	9
patronize	9
patrolled	9
passes	9
parrot	9
paranoia	9
paperwork	9
packaging	9
paces	9
overstatement	9
overextend	9
overdue	9
overdramatizing	9
outsource	9
outcome	9
ourselves	9
orifice	9
orchestrated	9
opposed	9
omnivore	9
oh	9
offenses	9
offended	9
oddly	9
odd	9
obsolete	9
obnoxious	9
obesity	9
obama	9
nutritious	9
nutrient	9
nt	9
nowhere	9
nominal	9
noble	9
nights	9
niche	9
nicer	9
nevertheless	9
navigate	9
naturally	9
narrative	9
napster	9
nap	9
myth	9
musicians	9
murder	9
mouth	9
monarchy	9
moment	9
modifications	9
modes	9
moderate	9
moammar	9
mistreated	9
missle	9
mission	9
missed	9
mine	9
millennials	9
mightmares	9
middleton	9
mid	9
mercy	9
meets	9
meetings	9
meditation	9
mediocre	9
meaning	9
meal	9
maximum	9
math	9
masters	9
masses	9
marriage	9
markets	9
marketplace	9
manhattan	9
mandated	9
management	9
mamma	9
magazines	9
machine	9
lords	9
locations	9
located	9
limitless	9
limitations	9
likelihood	9
lights	9
lifelong	9
libya	9
liable	9
lengthened	9
learns	9
leagal	9
latest	9
lands	9
ladder	9
junk	9
juices	9
judgmental	9
judged	9
joy	9
iphones	9
involvement	9
invented	9
invades	9
introduction	9
intimidated	9
intention	9
intellect	9
instability	9
inhabitants	9
ingredients	9
ingesting	9
influential	9
infiltrate	9
infectious	9
ine	9
indoctrinate	9
individualized	9
independence	9
indebted	9
incorporate	9
incentivize	9
incentives	9
improved	9
importance	9
implemented	9
impacts	9
immediate	9
ignorant	9
identifying	9
identify	9
identified	9
ideal	9
hurricanes	9
hurdle	9
hrs	9
housing	9
houses	9
horribly	9
hookers	9
honors	9
honored	9
homelessness	9
hobo	9
historic	9
hire	9
highlighting	9
height	9
headscarf	9
havoc	9
harvest	9
hardly	9
hands	9
guard	9
grammatical	9
graded	9
governmental	9
globe	9
gladiators	9
giant	9
genocide	9
generous	9
gasoline	9
gadhafi	9
frustrations	9
forte	9
formative	9
formal	9
forged	9
forego	9
flow	9
flourish	9
flavored	9
fixes	9
finger	9
financiall	9
finances	9
film	9
feat	9
fda	9
fault	9
farmers	9
fans	9
factually	9
factory	9
extinction	9
extinct	9
extension	9
exploitative	9
expertise	9
experienced	9
expansion	9
exiting	9
exclude	9
excited	9
event	9
eve	9
essentially	9
essay	9
escapism	9
equation	9
equalizing	9
epically	9
envisioned	9
environments	9
entrepreneurs	9
enslave	9
enrollment	9
enriched	9
encounter	9
employee	9
employed	9
empire	9
embarrassment	9
elite	9
elegance	9
electronically	9
electoral	9
electives	9
educator	9
educating	9
ecosystems	9
economically	9
economical	9
eastern	9
dvd	9
dues	9
ducks	9
dropped	9
draw	9
drag	9
dr.	9
doubled	9
dorm	9
dominate	9
dog	9
documents	9
distracted	9
dishes	9
discreetly	9
discover	9
direction	9
dine	9
digestion	9
digest	9
devotion	9
devastation	9
destroying	9
desperation	9
deserving	9
derived	9
dependable	9
deny	9
dent	9
demographic	9
deliver	9
defunding	9
defund	9
deed	9
debts	9
deadly	9
deadlier	9
darwinism	9
d	9
cutbacks	9
curb	9
cults	9
crush	9
cruise	9
criticizing	9
criticise	9
credentials	9
creativity	9
crazy	9
covered	9
courts	9
counteraction	9
corruption	9
correlation	9
corps	9
continued	9
containing	9
consume	9
connecting	9
congestion	9
conform	9
comradery	9
computerized	9
complaining	9
competitor	9
commute	9
committing	9
comic	9
collateral	9
coffee	9
coddled	9
coaches	9
clothing	9
clogging	9
climb	9
clerics	9
classwork	9
classic	9
civilizations	9
civility	9
civics	9
chore	9
chooses	9
childhood	9
childcare	9
chat	9
changing	9
challenged	9
celebrity	9
ceding	9
catering	9
catches	9
catch	9
caring	9
capitol	9
calls	9
californians	9
buying	9
bunch	9
buds	9
bubble	9
breast	9
bravery	9
bourgeois	9
bosses	9
boosts	9
bonuses	9
bond	9
bombs	9
bold	9
bodybuilders	9
blame	9
billionaires	9
bill	9
bias	9
benefactors	9
beginning	9
begets	9
beast	9
bashar	9
barriers	9
bargain	9
bank	9
bail	9
bag	9
bacteria	9
backup	9
awake	9
authorizing	9
authorities	9
australians	9
audio	9
attributes	9
atmospheres	9
athlete	9
ate	9
associate	9
assistance	9
assist	9
aspects	9
asleep	9
apparent	9
apartheid	9
anytime	9
annoyance	9
anguish	9
amongst	9
amend	9
ambiance	9
ambassadors	9
ambassador	9
allocating	9
allergy	9
align	9
aired	9
aipac	9
aide	9
afloat	9
afforded	9
affects	9
adventures	9
advancement	9
admittedly	9
administered	9
adjust	9
additions	9
adding	9
addictions	9
achievements	9
accustomed	9
accusations	9
accounting	9
accountability	9
accordingly	9
accommodations	9
accommodate	9
accepting	9
80	9
7	9
2008	9
1940s	9
watched	8
virtue	8
unwisely	8
unless	8
unbiased	8
thus	8
tends	8
supported	8
supervision	8
stopped	8
slow	8
sliding	8
shrunk	8
serves	8
seems	8
saint	8
rival	8
retire	8
respected	8
remove	8
regulators	8
proposal	8
propaganda	8
prohibition	8
produced	8
privatizing	8
princeton	8
poverty	8
pope	8
participants	8
opt	8
objectives	8
nun	8
nonresidents	8
night	8
mostly	8
mortality	8
members	8
managers	8
longtime	8
logical	8
lie	8
legislatively	8
lawyers	8
lacks	8
knows	8
interfered	8
insults	8
inflexible	8
ignorance	8
hospital	8
healing	8
harmless	8
happens	8
ginsburg	8
ginsberg	8
generally	8
gaps	8
fundamental	8
francis	8
filled	8
fights	8
fares	8
factor	8
expert	8
excessive	8
excels	8
etiquette	8
encourages	8
elevated	8
eager	8
donald	8
directed	8
decreases	8
congressional	8
catholic	8
bridge	8
authors	8
authority	8
attacked	8
android	8
ahead	8
accord	8
accomplished	8
abundance	8
verbal	7
upon	7
unlike	7
unethical	7
trustworthy	7
throughout	7
thorn	7
solid	7
select	7
representing	7
reduction	7
radical	7
pulling	7
picked	7
pet	7
oversight	7
overshadow	7
overall	7
near	7
meaningful	7
manufactured	7
lived	7
literally	7
linked	7
lgbt	7
invest	7
infrastructure	7
influenced	7
inevitably	7
immune	7
illness	7
himself	7
hide	7
heroin	7
gun	7
greatly	7
friendly	7
forcing	7
failures	7
exchanges	7
exchange	7
evident	7
employer	7
edge	7
dream	7
difficulty	7
deprived	7
denouncing	7
decade	7
creditors	7
commenting	7
clearly	7
checked	7
background	7
avoiding	7
approval	7
active	7
a.c.a.	7
worthy	6
wing	6
whenever	6
weston	6
water	6
wasteful	6
wakeful	6
vow	6
viable	6
vehicles	6
vegetable	6
usury	6
usage	6
untruthful	6
untrustworthy	6
unsupportable	6
unregulated	6
unrealistic	6
unproven	6
unions	6
unintelligent	6
unfamiliar	6
uncalculated	6
ultimate	6
ugly	6
travelling	6
trait	6
touch	6
tight	6
threatened	6
thoroughly	6
tennis	6
temporary	6
tech	6
susceptible	6
supports	6
suggest	6
successfully	6
substances	6
stupidity	6
strung	6
struggling	6
struggles	6
strain	6
steroids	6
sterilized	6
specifically	6
spa	6
souls	6
smoking	6
slaughtered	6
slam	6
sitting	6
shot	6
shop	6
shelter	6
shell	6
shed	6
secondary	6
seasonal	6
scope	6
sad	6
russian	6
ride	6
rewards	6
resulting	6
responsibly	6
remained	6
relevance	6
reform	6
recreation	6
reconsidered	6
readership	6
raw	6
quo	6
quiet	6
questioning	6
pushing	6
purchasing	6
punish	6
publisher	6
provisions	6
protests	6
promoting	6
promote	6
project	6
prohibitive	6
print	6
principles	6
pride	6
pre	6
poultry	6
potentially	6
posters	6
post	6
popcorn	6
politicans	6
poet	6
pocket	6
plural	6
plans	6
planned	6
plain	6
physiological	6
periods	6
penalties	6
penalize	6
pefestrians	6
participating	6
park	6
pandering	6
pacing	6
pace	6
overshadows	6
overpopulated	6
outsiders	6
orders	6
omnivorous	6
occasionally	6
notch	6
north	6
norms	6
nonmembers	6
necessitate	6
nationalism	6
mutilation	6
muse	6
moving	6
movie	6
movement	6
motivate	6
monarchs	6
misled	6
minimized	6
message	6
mediatation	6
mechanization	6
masculine	6
marry	6
marginal	6
manufacturing	6
manlier	6
manipulated	6
mandates	6
mainstream	6
mainly	6
magic	6
lotteries	6
losses	6
locked	6
literary	6
listed	6
light	6
lifestyle	6
lieu	6
lending	6
legitimize	6
legality	6
lebanon	6
layout	6
lawyer	6
lane	6
labels	6
kingdom	6
king	6
jorday	6
invade	6
intramural	6
intersections	6
interscholastic	6
interfere	6
insulting	6
inside	6
innocent	6
injured	6
industries	6
induced	6
indoor	6
improves	6
impressionable	6
impose	6
imperialist	6
impartial	6
identity	6
hosting	6
highness	6
heavy	6
hearing	6
harms	6
happenings	6
handwriting	6
gym	6
grittier	6
forum	6
forgetting	6
fooled	6
fool	6
flavor	6
firing	6
faux	6
fast	6
farmed	6
excel	6
evaluations	6
entrepreneurial	6
ensures	6
enjoyable	6
enhance	6
elegant	6
electrolytes	6
elections	6
egyptians	6
egypt	6
drunken	6
drinking	6
dominated	6
doesn	6
distance	6
discretion	6
disclose	6
difficulties	6
dictated	6
diagnose	6
develops	6
detract	6
deport	6
demand	6
dehumanizing	6
defending	6
czarist	6
crossing	6
criticized	6
creatively	6
cows	6
coverage	6
courageous	6
costing	6
corrections	6
constructive	6
consenting	6
connecticut	6
connect	6
conducted	6
conducive	6
compromises	6
component	6
complain	6
commuting	6
communicate	6
combined	6
cleaner	6
choosing	6
chemically	6
challenge	6
cds	6
catastrophic	6
c.g.i.	6
bullying	6
bully	6
brothels	6
brings	6
bribes	6
bothers	6
boring	6
bookseller	6
black	6
births	6
beside	6
beach	6
bailed	6
badly	6
awkward	6
awarded	6
availability	6
autonomy	6
author	6
attraction	6
attitude	6
attacts	6
assurance	6
architectural	6
approved	6
amazing	6
alliances	6
ages	6
agent	6
aficionados	6
advising	6
advertised	6
advanced	6
accounts	6
accompany	6
accessible	6
acceptance	6
abusive	6
abilities	6
a.d.h.d.	6
]	6
[	6
5.8	6
3	6
24/7	6
1948	6
...	6
$	6
wrongful	5
wreckage	5
winners	5
willingly	5
wil	5
wifi	5
whatever	5
weeks	5
weather	5
wanting	5
walk	5
vulgar	5
vet	5
untrue	5
unsustainable	5
unneeded	5
unimportant	5
undemocratic	5
trend	5
tradespeople	5
thanks	5
tangential	5
talking	5
swayed	5
sustain	5
suceed	5
successes	5
succeeded	5
staying	5
statements	5
solves	5
smartest	5
slaves	5
silence	5
shorter	5
selfless	5
scammed	5
salted	5
sake	5
riskier	5
rife	5
ridiculously	5
rick	5
revamped	5
resisting	5
relying	5
relieve	5
relaxed	5
realizing	5
psychology	5
provoke	5
property	5
procreating	5
prenatal	5
portions	5
popping	5
plethora	5
plentiful	5
physical	5
pets	5
permitting	5
peacful	5
passed	5
overeat	5
openly	5
oncologist	5
ny	5
negligible	5
nationwide	5
nasty	5
monitarily	5
mixed	5
miraculous	5
midwives	5
midwife	5
luxury	5
lunatic	5
lowers	5
loves	5
locaitons	5
litter	5
lets	5
leftist	5
journalism	5
irresponsibility	5
intended	5
instance	5
inspires	5
insatiable	5
inherent	5
inexperience	5
inclusive	5
impressive	5
impervious	5
immutable	5
ideology	5
homeowners	5
historians	5
girls	5
furniture	5
fruitful	5
forecasting	5
fitness	5
female	5
favors	5
eye	5
expressing	5
experiencing	5
expenses	5
expand	5
exercising	5
excuses	5
example	5
equvilant	5
equate	5
enrich	5
enjoys	5
ego	5
drives	5
dreher	5
drawn	5
doubtlessly	5
doen't	5
doen	5
disturbing	5
distances	5
disapproval	5
differences	5
dictatorship	5
devolve	5
detrimental	5
detest	5
destablize	5
desire	5
deranged	5
demagoguery	5
degrading	5
declined	5
decent	5
data	5
cured	5
cruel	5
crucial	5
cops	5
cooperating	5
convictions	5
converting	5
context	5
contained	5
congressman	5
congested	5
conducts	5
conduct	5
competitiveness	5
compare	5
commercial	5
cleaned	5
cheap	5
charitable	5
cartel	5
blocking	5
bible	5
bestowed	5
benefitting	5
begins	5
basically	5
backwater	5
baby	5
awareness	5
avaliable	5
attract	5
attentive	5
attempt	5
asked	5
applicable	5
anchor	5
alleviate	5
allen	5
aids	5
aggressive	5
admitted	5
adhere	5
adhd	5
absorb	5
absent	5
13	5
'm	5
writer	4
worsen	4
wildlife	4
white	4
vulnerable	4
volunteers	4
void	4
vitriol	4
vile	4
vetted	4
varied	4
utmost	4
utilizing	4
utilizes	4
upsets	4
upper	4
unwanted	4
unsalted	4
unpredictable	4
unofficial	4
underpopulated	4
unconventional	4
unavailable	4
tyranny	4
turmoil	4
trades	4
toward	4
toes	4
tipped	4
threats	4
thoughts	4
theresa	4
theories	4
tempting	4
tad	4
systems	4
symbol	4
supposed	4
stress	4
stingy	4
sticking	4
stab	4
soon	4
senior	4
secular	4
scientific	4
ritical	4
rewarded	4
restructuring	4
religions	4
relieves	4
receiving	4
rebel	4
procedure	4
prey	4
prejudices	4
preferred	4
practically	4
pollution	4
performing	4
percentages	4
percent	4
patents	4
passing	4
paretnts	4
overlooked	4
overlook	4
outnumber	4
opens	4
occassions	4
objective	4
nuts	4
noses	4
nor	4
noise	4
newer	4
neither	4
negatives	4
munchausen	4
monopolies	4
monetarily	4
modified	4
mindless	4
mail	4
loving	4
liver	4
livelihood	4
leftover	4
laundering	4
kurd	4
justify	4
judges	4
islam	4
intolerance	4
integral	4
intact	4
insufficiently	4
inspire	4
infant	4
indoctrinating	4
impression	4
horrifying	4
holy	4
hijab	4
hazardous	4
hating	4
hat	4
habit	4
greedy	4
fuels	4
fruitless	4
forecasts	4
forebears	4
fits	4
fingers	4
fill	4
females	4
fearing	4
exists	4
exclusive	4
ethnic	4
equates	4
epidemic	4
enterprises	4
enhanced	4
ended	4
embrace	4
elevate	4
editorial	4
economies	4
ease	4
earns	4
drowned	4
drains	4
divergent	4
distracts	4
distract	4
disrespected	4
dishonest	4
degrades	4
define	4
defacto	4
decorum	4
debates	4
database	4
cue	4
cubicles	4
crowdsource	4
crowds	4
credible	4
consensus	4
connection	4
conflicts	4
conflicting	4
conductive	4
complacent	4
communally	4
color	4
coerce	4
clash	4
claims	4
civilized	4
chinese	4
careers	4
capabilities	4
cancer	4
broader	4
boys	4
box	4
book	4
blurred	4
bear	4
bankruptcy	4
ballot	4
audience	4
attitudes	4
assume	4
arguing	4
anxiety	4
alwayst	4
africans	4
advancements	4
adequately	4
address	4
acheive	4
abysmal	4
50	4
100	4
!	4
yes	3
worried	3
woes	3
wiser	3
wisely	3
wins	3
wildly	3
wild	3
wheels	3
weeded	3
weaknesses	3
warranted	3
wall	3
waited	3
vulgarity	3
voted	3
volumes	3
voicing	3
vocational	3
vitality	3
visitors	3
visions	3
viruses	3
violated	3
vice	3
viability	3
vets	3
versa	3
venue	3
vary	3
validated	3
uses	3
user	3
uphold	3
upgrade	3
untreated	3
unreliable	3
unqualified	3
unlawfully	3
unionized	3
unfold	3
unfairness	3
undiagnosed	3
undeveloped	3
understandably	3
underlying	3
uncritical	3
uncover	3
unchallenged	3
tution	3
turnover	3
tuning	3
tuitions	3
trolls	3
trollish	3
troll	3
trigger	3
tried	3
trick	3
transition	3
transcript	3
traders	3
towns	3
topic	3
toll	3
tolerated	3
todays	3
threatening	3
thread	3
thoughtful	3
thoughful	3
thin	3
theses	3
therapy	3
theocratic	3
thailand	3
texting	3
text	3
testament	3
test	3
tendency	3
tenants	3
techniques	3
taxation	3
tariffs	3
tank	3
talented	3
tactics	3
symptoms	3
sympathy	3
symbols	3
sweeping	3
sweden	3
sustenance	3
suspensions	3
surveys	3
surgical	3
surgeries	3
suppress	3
supportive	3
sum	3
suggests	3
succeeding	3
subdue	3
subconscious	3
stylish	3
stubborness	3
stroke	3
stripped	3
stretching	3
stools	3
stifled	3
steadying	3
stats	3
statistics	3
standings	3
spread	3
specialized	3
spanish	3
sounds	3
socioecomonics	3
soccer	3
smokers	3
sloppily	3
skip	3
siphoned	3
sinners	3
silent	3
signs	3
signed	3
shunned	3
shouldering	3
shortcomings	3
shoppers	3
sexism	3
separation	3
separate	3
sends	3
segregating	3
seeing	3
sedan	3
secretive	3
sculptors	3
scratching	3
score	3
sciences	3
schoolyard	3
schooldays	3
scholars	3
scheduled	3
savers	3
saturday	3
satisfy	3
satisfaction	3
sanctuary	3
saltiness	3
safely	3
rulings	3
routinely	3
route	3
rounded	3
roots	3
rocky	3
rising	3
riders	3
revolutions	3
retention	3
rested	3
responded	3
reservation	3
researched	3
requiring	3
repressive	3
representative	3
representation	3
replant	3
repeat	3
repaid	3
renters	3
renewable	3
remarks	3
relegating	3
relating	3
related	3
reinforce	3
reign	3
regimes	3
regard	3
reducing	3
reduces	3
recovery	3
recovering	3
recommendation	3
realistic	3
ready	3
reader	3
re	3
ratified	3
rapid	3
radio	3
racism	3
questioned	3
quarrels	3
qualify	3
qaeda	3
qa'eda	3
punishment	3
punishing	3
punished	3
pump	3
publicly	3
psychotherapists	3
pseudo	3
provider	3
prototypes	3
protective	3
protecting	3
prospect	3
prone	3
proliferate	3
projects	3
profane	3
product	3
procreate	3
privilege	3
priority	3
primarily	3
prevalent	3
presently	3
prescribed	3
prescribe	3
prepare	3
pregnancy	3
precedent	3
precautions	3
pose	3
portrayed	3
portray	3
portion	3
poorer	3
pools	3
polygamy	3
polls	3
pollings	3
polling	3
politician	3
plummeting	3
plantation	3
pieces	3
physicians	3
personally	3
personality	3
period	3
percentage	3
payed	3
paycheck	3
patenting	3
passionate	3
passengers	3
partners	3
partnering	3
parking	3
pandemic	3
pageantry	3
ownership	3
owe	3
overtaxed	3
overnight	3
overestimated	3
outnumbered	3
outcomes	3
outbreaks	3
ours	3
originating	3
originates	3
oppressing	3
oppressed	3
operations	3
op	3
offices	3
offenders	3
odds	3
occurred	3
occupation	3
obviously	3
obligated	3
numbers	3
notwithstanding	3
norm	3
noncompliance	3
nicked	3
negatively	3
needy	3
neck	3
nearby	3
mundane	3
mumps	3
multiple	3
morality	3
morale	3
monitor	3
monarchies	3
mom	3
moderating	3
mobility	3
mobile	3
mixing	3
mitigate	3
misdiagnose	3
mis	3
millionaires	3
mild	3
met	3
menu	3
member	3
medicinal	3
medication	3
med	3
measurement	3
mckesson	3
material	3
massive	3
masked	3
margin	3
malthusian	3
malicious	3
loophole	3
long-	3
lively	3
literal	3
listeners	3
liquor	3
limits	3
likley	3
likey	3
lesser	3
lessen	3
leisure	3
leeway	3
leeching	3
leaning	3
leaf	3
laissez	3
labeling	3
korea	3
kinds	3
kindle	3
key	3
justification	3
justifiable	3
judgments	3
judgements	3
judgement	3
jpm	3
joke	3
jihadists	3
jesus	3
jeopardizing	3
jars	3
jailing	3
jailed	3
investors	3
intolerable	3
interventions	3
interrupting	3
interpret	3
internal	3
intentions	3
integrity	3
insulted	3
instruction	3
instinct	3
inspirational	3
inspect	3
innovative	3
inhibits	3
infringes	3
info	3
inducement	3
indoors	3
indicator	3
indexed	3
incorrectly	3
incompetent	3
includes	3
incidents	3
incarceration	3
inability	3
imports	3
imporant	3
implementation	3
impart	3
impairment	3
image	3
illnesses	3
illegally	3
ideologies	3
ideological	3
ideals	3
i.o.c.	3
hurting	3
hurricane	3
humility	3
humankind	3
housewives	3
hoping	3
hope	3
homosexual	3
homeschooled	3
homeowner	3
holds	3
holdovers	3
historical	3
hip	3
hillary	3
hezbollah	3
hegemony	3
heaven	3
heated	3
heading	3
head	3
hea	3
harvestable	3
harming	3
harmed	3
hardships	3
hardcore	3
happened	3
haitians	3
hacks	3
gullible	3
guise	3
guilt	3
guarantees	3
grounding	3
grease	3
granted	3
grant	3
grandfather	3
grand	3
graduates	3
governing	3
god	3
goals	3
glimpse	3
geology	3
gene	3
gems	3
gather	3
gates	3
gap	3
gained	3
fuel	3
frivolous	3
fringe	3
friend	3
foundling	3
founding	3
forwards	3
forthcoming	3
formed	3
format	3
foresee	3
following	3
followed	3
fluent	3
flood	3
flat	3
fixed	3
finland	3
felony	3
fellons	3
feed	3
favoritism	3
favorite	3
fashionably	3
farming	3
faire	3
fades	3
faction	3
f.d.a.	3
exuberant	3
extremist	3
extremest	3
extends	3
expressed	3
exploits	3
exempt	3
executives	3
exceed	3
exact	3
evaluating	3
establishment	3
escape	3
error	3
eradicated	3
enthusiastically	3
entered	3
enriching	3
enlightening	3
enjoying	3
engines	3
engineers	3
engineering	3
engine	3
engage	3
endangers	3
empower	3
emphasizes	3
ed	3
ecosystem	3
ecosphere	3
eater	3
earnings	3
earlier	3
dunks	3
drunkards	3
drops	3
dreck	3
downloads	3
dividends	3
district	3
distribution	3
disrespect	3
display	3
disguised	3
discussing	3
discreet	3
discoveries	3
discontinued	3
disciplines	3
discern	3
disbanded	3
disastrous	3
disagreements	3
disagree	3
disability	3
directly	3
dictating	3
diagnoses	3
developing	3
develop	3
detriment	3
deterrent	3
determine	3
destroys	3
desirable	3
deray	3
deportations	3
delivering	3
delivered	3
degradation	3
defiant	3
defenses	3
deeper	3
deemed	3
deductible	3
decided	3
dairy	3
dabble	3
cure	3
cult	3
cuban	3
crowded	3
crop	3
critiquing	3
critiques	3
critic	3
criteria	3
covering	3
counterparts	3
counterculture	3
counter	3
costume	3
corridor	3
core	3
cool	3
convince	3
conversations	3
conversation	3
controlled	3
contribute	3
constantly	3
consist	3
consideration	3
confront	3
conditioning	3
condemn	3
comprehensive	3
complementary	3
complement	3
compensated	3
commuters	3
communicable	3
commitment	3
commited	3
commentators	3
comforting	3
combination	3
columbia	3
collaborative	3
collaborate	3
cocaine	3
clause	3
civilization	3
civic	3
childish	3
checking	3
cheated	3
chase	3
charles	3
charging	3
characteristic	3
chalk	3
central	3
catered	3
carrying	3
carribbean	3
caregivers	3
card	3
canonization	3
c	3
busy	3
bus	3
bureaucracies	3
burdening	3
brothel	3
broker	3
broadened	3
branding	3
brains	3
boxes	3
bothered	3
border	3
boomers	3
bonds	3
bolder	3
boards	3
board	3
blindly	3
bleeding	3
bills	3
bid	3
believed	3
beings	3
beholden	3
behalf	3
beforehand	3
beating	3
battle	3
bathroom	3
basket	3
barbarism	3
barbaric	3
baltimore	3
backwards	3
award	3
auto	3
authorized	3
attracts	3
attractive	3
attending	3
attendees	3
attempts	3
attackers	3
attachment	3
atrocities	3
atomic	3
assure	3
assuming	3
associations	3
aspire	3
asian	3
artists	3
artist	3
arrested	3
arming	3
armies	3
arm	3
argued	3
arabs	3
appeared	3
anyways	3
antidepressant	3
annoyed	3
announcement	3
animistic	3
ancestors	3
ambulance	3
alert	3
airlines	3
agreement	3
agreeable	3
agencies	3
afternoon	3
advised	3
adventure	3
adolescents	3
administrative	3
activism	3
acquire	3
achievement	3
achieve	3
abusing	3
abuses	3
abide	3
abandoned	3
7th	3
6th	3
6	3
18	3
yard	2
workforce	2
withdrawn	2
weaker	2
watches	2
villain	2
viciously	2
valuing	2
utterly	2
unprecise	2
unmedicated	2
unites	2
unfiltered	2
uncertain	2
typical	2
toxic	2
told	2
toe	2
terms	2
tells	2
teens	2
technological	2
taser	2
swimmers	2
swim	2
suits	2
suddenly	2
stunt	2
stroking	2
stoped	2
stimulates	2
steal	2
stage	2
sororities	2
software	2
sober	2
smurf	2
smoke	2
skipped	2
site	2
segregate	2
sees	2
screens	2
sane	2
ryan	2
ruins	2
ritual	2
revolt	2
resulted	2
resist	2
resembled	2
repulsive	2
repressing	2
reporting	2
remind	2
relatively	2
rehab	2
reforming	2
reflects	2
referendum	2
recorded	2
reactions	2
questionable	2
prostate	2
properties	2
prohibit	2
production	2
prisoner	2
prevented	2
presidency	2
prescriptions	2
prescribing	2
preposterous	2
predictable	2
preach	2
populations	2
phlanges	2
personalities	2
partisan	2
partially	2
outspoken	2
organically	2
obscene	2
o	2
nyt	2
noy	2
noticed	2
nonsense	2
newspaper	2
neutral	2
mitigated	2
miserable	2
metrics	2
meanwhile	2
meaningless	2
match	2
manner	2
loopholes	2
licenses	2
late	2
kinda	2
jump	2
invective	2
intolerant	2
interact	2
inseparable	2
inhuman	2
infecting	2
indulging	2
indeed	2
inconsequential	2
inaccurate	2
imposed	2
imply	2
imperative	2
immoral	2
immigrant	2
imaginary	2
illogical	2
illegitimized	2
ignores	2
idiots	2
icu	2
hosts	2
hooked	2
honesty	2
honed	2
homosexuality	2
homebirths	2
hole	2
hier	2
hiding	2
healthily	2
hates	2
gem	2
gayness	2
gave	2
garment	2
fuzzy	2
functioning	2
frightens	2
freebies	2
freak	2
fraternities	2
festive	2
felt	2
felon	2
fearful	2
farther	2
extremists	2
exposes	2
exponentially	2
explosive	2
expectations	2
expanded	2
execute	2
excruciating	2
excessively	2
evil	2
equals	2
enforce	2
endless	2
enable	2
electrons	2
electronics	2
editorials	2
distracting	2
distorted	2
disproportionately	2
displays	2
disorder	2
discourages	2
disagreed	2
diminishes	2
devolved	2
device	2
descended	2
denying	2
defiance	2
defenseless	2
dealers	2
dealer	2
curtailed	2
currently	2
currency	2
cubes	2
creators	2
creations	2
corrected	2
copiously	2
considerable	2
consciousness	2
conferring	2
compromised	2
committed	2
columns	2
colonies	2
codified	2
champion	2
catholicism	2
carbon	2
cannibalism	2
bushiness	2
buried	2
breed	2
blind	2
bleak	2
bleach	2
birthing	2
believing	2
beats	2
bearing	2
attacker	2
assimilate	2
aspirin	2
arrest	2
appreciated	2
appointment	2
apple	2
apologize	2
apart	2
antiquated	2
antics	2
analyze	2
analyst	2
amputating	2
advocating	2
accordance	2
9	2
14th	2
youth	1
worlds	1
words	1
wives	1
wind	1
wealth	1
washington	1
waived	1
volatile	1
visits	1
virtually	1
viewpoints	1
vetting	1
valley	1
vaildated	1
unsuccessful	1
unreadable	1
unnoticed	1
uninformed	1
uneducated	1
uncontrolled	1
uc	1
twisted	1
turkish	1
tsa	1
trumped	1
trivial	1
total	1
torturers	1
thinkers	1
tension	1
targeted	1
target	1
sustaining	1
surviving	1
supplementary	1
suited	1
suffer	1
subjugate	1
structured	1
strive	1
straightforward	1
stole	1
stifle	1
standpoint	1
squaring	1
spurious	1
spreading	1
spotted	1
spirituality	1
spewing	1
spark	1
sisters	1
siren	1
similarities	1
silicon	1
signal	1
shopping	1
shooting	1
shia	1
sexual	1
sexes	1
separable	1
sentence	1
seldomly	1
segregated	1
sects	1
saying	1
rushed	1
reveals	1
restored	1
restore	1
respectful	1
resemble	1
reproductive	1
reproduce	1
represents	1
released	1
relate	1
relapse	1
regret	1
regions	1
refusal	1
reentering	1
reconstructed	1
reaching	1
random	1
ramifications	1
pure	1
proverbial	1
protocol	1
promotes	1
promoted	1
prohibited	1
progress	1
profitable	1
productivity	1
privileged	1
principle	1
prevalence	1
prestige	1
precise	1
pledge	1
player	1
piece	1
physician	1
pertain	1
per	1
peak	1
patch	1
participated	1
painful	1
page	1
overwhelming	1
outspoke	1
outgoing	1
orlando	1
origins	1
opinionated	1
operation	1
onsite	1
offered	1
occurrence	1
occasion	1
obstacles	1
observations	1
nationality	1
mosques	1
mortgages	1
moderators	1
misinformed	1
minutes	1
metric	1
metals	1
mending	1
meltdown	1
meds	1
maternal	1
massacre	1
manna	1
mammon	1
mall	1
males	1
maim	1
lunatics	1
lounge	1
loudly	1
limiting	1
likewise	1
lessons	1
lawmakers	1
laundered	1
lang	1
knowingly	1
justifies	1
joint	1
jeopardized	1
item	1
intends	1
integration	1
integrated	1
insurers	1
insights	1
insightful	1
informs	1
informative	1
infection	1
indescribable	1
inconsistent	1
inattention	1
impoverished	1
implies	1
impair	1
images	1
illicit	1
ignoring	1
hydrocodone	1
hundreds	1
humble	1
hsbc	1
hostilities	1
host	1
horrendous	1
holocaust	1
holders	1
heed	1
hc	1
hassle	1
happiness	1
haiti	1
grounds	1
grasp	1
grabbing	1
governed	1
fossil	1
fisheries	1
firms	1
fined	1
fills	1
fighters	1
fences	1
favorably	1
faulty	1
fascist	1
fancy	1
falsehoods	1
falls	1
facto	1
extremely	1
exterminate	1
expose	1
existent	1
everywhere	1
environmental	1
entertain	1
entangled	1
ensue	1
enlightens	1
enlightenment	1
enhances	1
enfornced	1
emergencies	1
embraced	1
embarrasses	1
during	1
domesticated	1
disrupted	1
disrespectful	1
dishonesty	1
disgusting	1
dinner	1
differing	1
dictate	1
demonstrate	1
democrat	1
degraded	1
defining	1
defenselessness	1
dark	1
cutting	1
countered	1
cord	1
contextual	1
consistently	1
conservation	1
consequential	1
confusing	1
conferred	1
condone	1
concealed	1
competence	1
comparable	1
commentors	1
commentary	1
colonists	1
colombia	1
coed	1
club	1
closed	1
clients	1
clawing	1
classrooms	1
circus	1
caught	1
category	1
capacity	1
cannabis	1
candidante	1
cafeteria	1
brought	1
brothers	1
breaching	1
brave	1
bored	1
bombers	1
biting	1
bit	1
beverages	1
betraying	1
bend	1
believer	1
barred	1
bandwagon	1
baggage	1
awards	1
avenue	1
attended	1
assimilating	1
aspect	1
ask	1
aside	1
ascends	1
army	1
are't	1
applies	1
apologized	1
annual	1
alliance	1
alcohol	1
agreed	1
afterwards	1
adopt	1
admits	1
admit	1
accepted	1
aba	1
8	1
45	1
4	1
38	1
2	1
17	1
150	1
--	1
